[{"pk": 1, "model": "data_set.datagroup", "fields": {"name": "Test"}},
{"pk": 1, "model": "data_set.datasettype", "fields": {"name": "People", "columns": [1, 2]}},
{"pk": 2, "model": "data_set.datasettype", "fields": {"name": "Stocks (BAR)", "columns": [3, 4, 5, 6, 7, 8, 9]}},
{"pk": 3, "model": "data_set.datasettype", "fields": {"name": "DICOM", "columns": [10, 11, 12, 13, 14, 15, 16, 17, 18, 19, 20, 21, 22, 23, 24, 25, 26, 27, 28, 29, 30, 31, 32, 34, 35, 36, 37, 38, 39, 40, 41, 42, 43, 44, 45, 46, 47, 48, 49, 50, 51, 52, 53, 54, 55, 56, 57, 58, 59, 60]}},
{"pk": 1, "model": "data_set.featuretype", "fields": {"name": "Text", "feature_type": "text"}},
{"pk": 2, "model": "data_set.featuretype", "fields": {"name": "Integer", "feature_type": "number"}},
{"pk": 3, "model": "data_set.featuretype", "fields": {"name": "DateTime", "feature_type": "date"}},
{"pk": 4, "model": "data_set.featuretype", "fields": {"name": "Float", "feature_type": "number"}},
{"pk": 5, "model": "data_set.featuretype", "fields": {"name": "DICOM File", "feature_type": "file"}},
{"pk": 1, "model": "data_set.feature", "fields": {"name": "Full Name", "parent": null, "related_to": null, "formula": "", "type": 1, "description": ""}},
{"pk": 2, "model": "data_set.feature", "fields": {"name": "Age", "parent": null, "related_to": null, "formula": "", "type": 2, "description": ""}},
{"pk": 3, "model": "data_set.feature", "fields": {"name": "Date", "parent": null, "related_to": null, "formula": "", "type": 3, "description": "Date and time for the record showing the date and time representing the Open-time of that BAR-Record"}},
{"pk": 4, "model": "data_set.feature", "fields": {"name": "Open", "parent": null, "related_to": null, "formula": "", "type": 4, "description": "The opening price."}},
{"pk": 5, "model": "data_set.feature", "fields": {"name": "High", "parent": null, "related_to": null, "formula": "", "type": 4, "description": "The highest price."}},
{"pk": 6, "model": "data_set.feature", "fields": {"name": "Low", "parent": null, "related_to": null, "formula": "", "type": 4, "description": "The lowest price."}},
{"pk": 7, "model": "data_set.feature", "fields": {"name": "Close", "parent": null, "related_to": null, "formula": "", "type": 4, "description": "The closing price."}},
{"pk": 8, "model": "data_set.feature", "fields": {"name": "OpenInt", "parent": null, "related_to": null, "formula": "", "type": 4, "description": "The International Opening Price"}},
{"pk": 9, "model": "data_set.feature", "fields": {"name": "Volume", "parent": null, "related_to": null, "formula": "", "type": 2, "description": "The volume of trading during a record."}},
{"pk": 10, "model": "data_set.feature", "fields": {"name": "DICOM File", "parent": null, "related_to": null, "formula": "", "type": 5, "description": "A single DICOM file from a sequence."}},
{"pk": 11, "model": "data_set.feature", "fields": {"name": "InStackPositionNumber", "parent": null, "related_to": null, "formula": "", "type": 2, "description": "InStackPositionNumber"}},
{"pk": 12, "model": "data_set.feature", "fields": {"name": "ImagesInAcquisition", "parent": null, "related_to": null, "formula": "", "type": 2, "description": "ImagesInAcquisition"}},
{"pk": 13, "model": "data_set.feature", "fields": {"name": "AcquisitionDateTime", "parent": null, "related_to": null, "formula": "", "type": 3, "description": "AcquisitionDateTime"}},
{"pk": 14, "model": "data_set.feature", "fields": {"name": "BitsStored", "parent": null, "related_to": null, "formula": "", "type": 2, "description": "BitsStored"}},
{"pk": 15, "model": "data_set.feature", "fields": {"name": "BitsAllocated", "parent": null, "related_to": null, "formula": "", "type": 2, "description": "BitsAllocated"}},
{"pk": 16, "model": "data_set.feature", "fields": {"name": "Columns", "parent": null, "related_to": null, "formula": "", "type": 2, "description": "Columns"}},
{"pk": 17, "model": "data_set.feature", "fields": {"name": "Rows", "parent": null, "related_to": null, "formula": "", "type": 2, "description": "Rows"}},
{"pk": 18, "model": "data_set.feature", "fields": {"name": "ContentDateTime", "parent": null, "related_to": null, "formula": "", "type": 3, "description": "ContentDateTime"}},
{"pk": 19, "model": "data_set.feature", "fields": {"name": "DeviceSerialNumber", "parent": null, "related_to": null, "formula": "", "type": 1, "description": "DeviceSerialNumber"}},
{"pk": 20, "model": "data_set.feature", "fields": {"name": "EchoNumbers", "parent": null, "related_to": null, "formula": "", "type": 2, "description": "EchoNumbers"}},
{"pk": 21, "model": "data_set.feature", "fields": {"name": "EchoTrainLength", "parent": null, "related_to": null, "formula": "", "type": 2, "description": "EchoTrainLength"}},
{"pk": 22, "model": "data_set.feature", "fields": {"name": "FlipAngle", "parent": null, "related_to": null, "formula": "", "type": 2, "description": "FlipAngle"}},
{"pk": 23, "model": "data_set.feature", "fields": {"name": "ImagingFrequency", "parent": null, "related_to": null, "formula": "", "type": 4, "description": "ImagingFrequency"}},
{"pk": 24, "model": "data_set.feature", "fields": {"name": "InstitutionName", "parent": null, "related_to": null, "formula": "", "type": 1, "description": "InstitutionName"}},
{"pk": 25, "model": "data_set.feature", "fields": {"name": "MagneticFieldStrength", "parent": null, "related_to": null, "formula": "", "type": 4, "description": "MagneticFieldStrength"}},
{"pk": 26, "model": "data_set.feature", "fields": {"name": "Manufacturer", "parent": null, "related_to": null, "formula": "", "type": 1, "description": "Manufacturer"}},
{"pk": 27, "model": "data_set.feature", "fields": {"name": "ManufacturerModelName", "parent": null, "related_to": null, "formula": "", "type": 1, "description": "ManufacturerModelName"}},
{"pk": 28, "model": "data_set.feature", "fields": {"name": "Modality", "parent": null, "related_to": null, "formula": "", "type": 1, "description": "Modality"}},
{"pk": 29, "model": "data_set.feature", "fields": {"name": "NumberOfAverages", "parent": null, "related_to": null, "formula": "", "type": 4, "description": "NumberOfAverages"}},
{"pk": 30, "model": "data_set.feature", "fields": {"name": "PatientAge", "parent": null, "related_to": null, "formula": "", "type": 4, "description": "PatientAge"}},
{"pk": 31, "model": "data_set.feature", "fields": {"name": "PatientBirthDate", "parent": null, "related_to": null, "formula": "", "type": 3, "description": "PatientBirthDate"}},
{"pk": 32, "model": "data_set.feature", "fields": {"name": "PatientID", "parent": null, "related_to": null, "formula": "", "type": 1, "description": "PatientID"}},
{"pk": 34, "model": "data_set.feature", "fields": {"name": "PatientPosition", "parent": null, "related_to": null, "formula": "", "type": 1, "description": "PatientPosition"}},
{"pk": 35, "model": "data_set.feature", "fields": {"name": "PatientSex", "parent": null, "related_to": null, "formula": "", "type": 1, "description": "PatientSex"}},
{"pk": 36, "model": "data_set.feature", "fields": {"name": "PatientWeight", "parent": null, "related_to": null, "formula": "", "type": 4, "description": "PatientWeight"}},
{"pk": 37, "model": "data_set.feature", "fields": {"name": "PercentPhaseFieldOfView", "parent": null, "related_to": null, "formula": "", "type": 4, "description": "PercentPhaseFieldOfView"}},
{"pk": 38, "model": "data_set.feature", "fields": {"name": "PercentSampling", "parent": null, "related_to": null, "formula": "", "type": 4, "description": "PercentSampling"}},
{"pk": 39, "model": "data_set.feature", "fields": {"name": "PerformedLocation", "parent": null, "related_to": null, "formula": "", "type": 1, "description": "PerformedLocation"}},
{"pk": 40, "model": "data_set.feature", "fields": {"name": "PerformedProcedureStepDescription", "parent": null, "related_to": null, "formula": "", "type": 1, "description": "PerformedProcedureStepDescription"}},
{"pk": 41, "model": "data_set.feature", "fields": {"name": "PerformedProcedureStepStartDateTime", "parent": null, "related_to": null, "formula": "", "type": 3, "description": "PerformedProcedureStepStartDateTime"}},
{"pk": 42, "model": "data_set.feature", "fields": {"name": "ProtocolName", "parent": null, "related_to": null, "formula": "", "type": 1, "description": "ProtocolName"}},
{"pk": 43, "model": "data_set.feature", "fields": {"name": "ReceiveCoilName", "parent": null, "related_to": null, "formula": "", "type": 1, "description": "ReceiveCoilName"}},
{"pk": 44, "model": "data_set.feature", "fields": {"name": "ReconstructionDiameter", "parent": null, "related_to": null, "formula": "", "type": 4, "description": "ReconstructionDiameter"}},
{"pk": 45, "model": "data_set.feature", "fields": {"name": "RepetitionTime", "parent": null, "related_to": null, "formula": "", "type": 2, "description": "RepetitionTime"}},
{"pk": 46, "model": "data_set.feature", "fields": {"name": "SAR", "parent": null, "related_to": null, "formula": "", "type": 4, "description": "SAR"}},
{"pk": 47, "model": "data_set.feature", "fields": {"name": "ScanOptions", "parent": null, "related_to": null, "formula": "", "type": 1, "description": "ScanOptions"}},
{"pk": 48, "model": "data_set.feature", "fields": {"name": "ScanningSequence", "parent": null, "related_to": null, "formula": "", "type": 1, "description": "ScanningSequence"}},
{"pk": 49, "model": "data_set.feature", "fields": {"name": "SequenceVariant", "parent": null, "related_to": null, "formula": "", "type": 1, "description": "SequenceVariant"}},
{"pk": 50, "model": "data_set.feature", "fields": {"name": "SeriesDescription", "parent": null, "related_to": null, "formula": "", "type": 1, "description": "SeriesDescription"}},
{"pk": 51, "model": "data_set.feature", "fields": {"name": "SeriesDateTime", "parent": null, "related_to": null, "formula": "", "type": 3, "description": "SeriesDateTime"}},
{"pk": 52, "model": "data_set.feature", "fields": {"name": "SeriesNumber", "parent": null, "related_to": null, "formula": "", "type": 2, "description": "SeriesNumber"}},
{"pk": 53, "model": "data_set.feature", "fields": {"name": "SliceLocation", "parent": null, "related_to": null, "formula": "", "type": 4, "description": "SliceLocation"}},
{"pk": 54, "model": "data_set.feature", "fields": {"name": "SliceThickness", "parent": null, "related_to": null, "formula": "", "type": 4, "description": "SliceThickness"}},
{"pk": 55, "model": "data_set.feature", "fields": {"name": "SoftwareVersions", "parent": null, "related_to": null, "formula": "", "type": 1, "description": "SoftwareVersions"}},
{"pk": 56, "model": "data_set.feature", "fields": {"name": "SpacingBetweenSlices", "parent": null, "related_to": null, "formula": "", "type": 4, "description": "SpacingBetweenSlices"}},
{"pk": 57, "model": "data_set.feature", "fields": {"name": "StudyDateTime", "parent": null, "related_to": null, "formula": "", "type": 3, "description": "StudyDateTime"}},
{"pk": 58, "model": "data_set.feature", "fields": {"name": "StudyDescription", "parent": null, "related_to": null, "formula": "", "type": 1, "description": "StudyDescription"}},
{"pk": 59, "model": "data_set.feature", "fields": {"name": "WindowCenter", "parent": null, "related_to": null, "formula": "", "type": 4, "description": "WindowCenter"}},
{"pk": 60, "model": "data_set.feature", "fields": {"name": "WindowWidth", "parent": null, "related_to": null, "formula": "", "type": 4, "description": "WindowWidth"}}]